{"cameraMode":{"drawMode":0,"name":"Shaded","section":"Shading Mode"},"sceneLighting":true,"audioPlay":false,"sceneViewState":{"showFog":true,"showMaterialUpdate":false,"showSkybox":true,"showFlares":true,"showImageEffects":true,"showParticleSystems":true},"in2DMode":false,"pivot":{"x":60.38175582885742,"y":104.65038299560547,"z":15.229949951171875},"rotation":{"x":-0.34615564346313479,"y":0.6422502994537354,"z":-0.40167778730392458,"w":-0.5534851551055908},"size":4.431339263916016,"orthographic":true}