{"cameraMode":{"drawMode":0,"name":"Shaded","section":"Shading Mode"},"sceneLighting":true,"audioPlay":false,"sceneViewState":{"showFog":true,"showMaterialUpdate":true,"showSkybox":true,"showFlares":true,"showImageEffects":true,"showParticleSystems":true},"in2DMode":false,"pivot":{"x":20.64425277709961,"y":4.069255828857422,"z":20.05474853515625},"rotation":{"x":-0.049531057476997378,"y":-0.3456096947193146,"z":0.018273167312145234,"w":-0.9368920922279358},"size":11.811923027038575,"orthographic":false}